"Taxon","combinations","pval"
"UniRef90_U2RSB5","dieguez_complete_uniref_Caries-BaselinevsHealthy-Baseline",0.0295001371230527
"UniRef90_A0A0S2ZM78","dieguez_complete_uniref_Caries-BaselinevsHealthy-Baseline",0.0427036248697112
"UniRef90_A0A2B7YNI3","dieguez_complete_uniref_Caries-BaselinevsHealthy-Baseline",0.000503471198151287
"UniRef90_A0A2N6TM57","dieguez_complete_uniref_Caries-BaselinevsHealthy-Baseline",0.0153184924208964
"UniRef90_E0DHI2","dieguez_complete_uniref_Caries-BaselinevsHealthy-Baseline",0.00237200077584661
"UniRef90_L1NU03","dieguez_complete_uniref_Caries-BaselinevsHealthy-Baseline",0.0021054776848388
"UniRef90_L1NXW0","dieguez_complete_uniref_Caries-BaselinevsHealthy-Baseline",0.0348453759862908
"UniRef90_L1P8R8","dieguez_complete_uniref_Caries-BaselinevsHealthy-Baseline",0.0274444378961055
"UniRef90_R9RDW5","dieguez_complete_uniref_Caries-BaselinevsHealthy-Baseline",0.0491461846358309
"UniRef90_U1S5K2","dieguez_complete_uniref_Caries-BaselinevsHealthy-Baseline",0.0201346754886552
"UniRef90_U2IFD3","dieguez_complete_uniref_Caries-BaselinevsHealthy-Baseline",0.0152592272884141
"UniRef90_UPI0007E347B6","dieguez_complete_uniref_Caries-BaselinevsHealthy-Baseline",0.00378907650681087
"UniRef90_W2CII2","dieguez_complete_uniref_Caries-BaselinevsHealthy-Baseline",0.00194199240360061
"UniRef90_A0A2B7YNI3","dieguez_complete_uniref_Caries-BaselinevsCaries-Fl",0.0100301336020067
"UniRef90_A0A2C5ZYQ6","dieguez_complete_uniref_Caries-BaselinevsCaries-Fl",0.032312992084923
"UniRef90_A0A2C6C3I1","dieguez_complete_uniref_Caries-BaselinevsCaries-Fl",0.0105840746545693
"UniRef90_A0A2N6TM57","dieguez_complete_uniref_Caries-BaselinevsCaries-Fl",0.0141426417565086
"UniRef90_A5TWG4","dieguez_complete_uniref_Caries-BaselinevsCaries-Fl",0.0241629195849898
"UniRef90_J6IUG2","dieguez_complete_uniref_Caries-BaselinevsCaries-Fl",0.0427967778479542
"UniRef90_U1R9S4","dieguez_complete_uniref_Caries-BaselinevsCaries-Fl",0.0292278217119935
"UniRef90_U2PKD9","dieguez_complete_uniref_Caries-BaselinevsCaries-Fl",0.0346276321816081
"UniRef90_W2CII2","dieguez_complete_uniref_Caries-BaselinevsCaries-Fl",0.0215624128502274
"UniRef90_X8HWZ7","dieguez_complete_uniref_Caries-BaselinevsCaries-Fl",0.0489952514253879
"UniRef90_A0A241Q2B3","dieguez_complete_uniref_Caries-BaselinevsHealthy-Fl",0.0422130284730942
"UniRef90_A0A2B7YNI3","dieguez_complete_uniref_Caries-BaselinevsHealthy-Fl",0.0219876170103509
"UniRef90_A0A2B7YY17","dieguez_complete_uniref_Caries-BaselinevsHealthy-Fl",0.00840742189660773
"UniRef90_A0A2C5ZYQ6","dieguez_complete_uniref_Caries-BaselinevsHealthy-Fl",0.00414310863761476
"UniRef90_D3IKU4","dieguez_complete_uniref_Caries-BaselinevsHealthy-Fl",0.0462105060588579
"UniRef90_F9EJN4","dieguez_complete_uniref_Caries-BaselinevsHealthy-Fl",0.00940233081259198
"UniRef90_L1PTL1","dieguez_complete_uniref_Caries-BaselinevsHealthy-Fl",0.0188781569181046
"UniRef90_L1PUB1","dieguez_complete_uniref_Caries-BaselinevsHealthy-Fl",0.023883322681356
"UniRef90_U2IFD3","dieguez_complete_uniref_Caries-BaselinevsHealthy-Fl",0.00841812052250661
"UniRef90_U2PKD9","dieguez_complete_uniref_Caries-BaselinevsHealthy-Fl",0.0074596980570136
"UniRef90_J5VG22","dieguez_complete_uniref_Caries-BaselinevsCaries-Fl-Ar",0.0103923836095864
"UniRef90_A0A2B7YY17","dieguez_complete_uniref_Caries-BaselinevsCaries-Fl-Ar",0.00515322306841383
"UniRef90_A0A2C5ZYQ6","dieguez_complete_uniref_Caries-BaselinevsCaries-Fl-Ar",0.0338166854033606
"UniRef90_A0A2N6TM57","dieguez_complete_uniref_Caries-BaselinevsCaries-Fl-Ar",0.0144638915632472
"UniRef90_A5TVF0","dieguez_complete_uniref_Caries-BaselinevsCaries-Fl-Ar",0.0204423982978017
"UniRef90_A5TWG4","dieguez_complete_uniref_Caries-BaselinevsCaries-Fl-Ar",0.0460126429272614
"UniRef90_C9MZK9","dieguez_complete_uniref_Caries-BaselinevsCaries-Fl-Ar",0.00876910829789502
"UniRef90_D3QZD1","dieguez_complete_uniref_Caries-BaselinevsCaries-Fl-Ar",0.00793665351853374
"UniRef90_J6IUG2","dieguez_complete_uniref_Caries-BaselinevsCaries-Fl-Ar",0.00083938174091693
"UniRef90_L1NU03","dieguez_complete_uniref_Caries-BaselinevsCaries-Fl-Ar",0.0106196722115273
"UniRef90_U1SAA0","dieguez_complete_uniref_Caries-BaselinevsCaries-Fl-Ar",0.0429168268425343
"UniRef90_U2IFD3","dieguez_complete_uniref_Caries-BaselinevsCaries-Fl-Ar",0.0402575988086539
"UniRef90_U2PKD9","dieguez_complete_uniref_Caries-BaselinevsCaries-Fl-Ar",0.0320659271262979
"UniRef90_W2VDD7","dieguez_complete_uniref_Caries-BaselinevsCaries-Fl-Ar",0.000871965276779628
"UniRef90_X8HWZ7","dieguez_complete_uniref_Caries-BaselinevsCaries-Fl-Ar",0.0350608762020309
"UniRef90_U2R544","dieguez_complete_uniref_Caries-BaselinevsHealthy-Fl-Ar",0.0435594153927002
"UniRef90_A0A134A313","dieguez_complete_uniref_Caries-BaselinevsHealthy-Fl-Ar",0.00886296552574432
"UniRef90_A0A241Q2B3","dieguez_complete_uniref_Caries-BaselinevsHealthy-Fl-Ar",0.00243271846117213
"UniRef90_A0A2C5ZYQ6","dieguez_complete_uniref_Caries-BaselinevsHealthy-Fl-Ar",0.0240699612778284
"UniRef90_A0A2N6TM57","dieguez_complete_uniref_Caries-BaselinevsHealthy-Fl-Ar",0.000215786556884485
"UniRef90_D3IKU4","dieguez_complete_uniref_Caries-BaselinevsHealthy-Fl-Ar",0.00626865963073163
"UniRef90_F9EJN4","dieguez_complete_uniref_Caries-BaselinevsHealthy-Fl-Ar",0.0116457693357919
"UniRef90_G6C504","dieguez_complete_uniref_Caries-BaselinevsHealthy-Fl-Ar",0.0177773345099553
"UniRef90_J4X3C5","dieguez_complete_uniref_Caries-BaselinevsHealthy-Fl-Ar",0.00867585769684063
"UniRef90_L1NU03","dieguez_complete_uniref_Caries-BaselinevsHealthy-Fl-Ar",0.00888476871476509
"UniRef90_L1PTL1","dieguez_complete_uniref_Caries-BaselinevsHealthy-Fl-Ar",0.00816828146758908
"UniRef90_L1PUB1","dieguez_complete_uniref_Caries-BaselinevsHealthy-Fl-Ar",0.0110706484367455
"UniRef90_U2PKD9","dieguez_complete_uniref_Caries-BaselinevsHealthy-Fl-Ar",0.0391667294774725
"UniRef90_UPI0007E347B6","dieguez_complete_uniref_Caries-BaselinevsHealthy-Fl-Ar",0.0245406946099398
"UniRef90_A0A2C6BMA4","dieguez_complete_uniref_Healthy-BaselinevsCaries-Fl",0.0158359938488867
"UniRef90_E8KF34","dieguez_complete_uniref_Healthy-BaselinevsCaries-Fl",0.00392793326973217
"UniRef90_U2SWN1","dieguez_complete_uniref_Healthy-BaselinevsCaries-Fl",0.04113957093425
"UniRef90_A0A0S2ZM78","dieguez_complete_uniref_Healthy-BaselinevsCaries-Fl",0.00697578225629128
"UniRef90_A0A222PBB6","dieguez_complete_uniref_Healthy-BaselinevsCaries-Fl",0.0271175811347199
"UniRef90_A0A250FBH3","dieguez_complete_uniref_Healthy-BaselinevsCaries-Fl",0.00963879199139746
"UniRef90_A0A2B7YS72","dieguez_complete_uniref_Healthy-BaselinevsCaries-Fl",0.0446595970108572
"UniRef90_A0A2C6C3I1","dieguez_complete_uniref_Healthy-BaselinevsCaries-Fl",0.00272422938358428
"UniRef90_A0A2N6TLH8","dieguez_complete_uniref_Healthy-BaselinevsCaries-Fl",0.0146167957436
"UniRef90_D3QZD1","dieguez_complete_uniref_Healthy-BaselinevsCaries-Fl",0.03157586186553
"UniRef90_E0DE64","dieguez_complete_uniref_Healthy-BaselinevsCaries-Fl",0.0333381620223753
"UniRef90_L1NZV5","dieguez_complete_uniref_Healthy-BaselinevsCaries-Fl",0.0451154313641139
"UniRef90_L1P8R8","dieguez_complete_uniref_Healthy-BaselinevsCaries-Fl",4.82551388768224e-05
"UniRef90_L1PKY8","dieguez_complete_uniref_Healthy-BaselinevsCaries-Fl",0.00151082426022989
"UniRef90_L1PQP4","dieguez_complete_uniref_Healthy-BaselinevsCaries-Fl",0.0240725508772195
"UniRef90_S2ZQS1","dieguez_complete_uniref_Healthy-BaselinevsCaries-Fl",0.0205039192122658
"UniRef90_U2IFD3","dieguez_complete_uniref_Healthy-BaselinevsCaries-Fl",0.0139753836226791
"UniRef90_U2RAS2","dieguez_complete_uniref_Healthy-BaselinevsCaries-Fl",0.0188129308467022
"UniRef90_X8HWZ7","dieguez_complete_uniref_Healthy-BaselinevsCaries-Fl",0.0114990993423912
"UniRef90_A0A250FRI5","dieguez_complete_uniref_Healthy-BaselinevsHealthy-Fl",0.00538438297395523
"UniRef90_A0A2N6TFM9","dieguez_complete_uniref_Healthy-BaselinevsHealthy-Fl",0.00389969850533782
"UniRef90_A5TTJ2","dieguez_complete_uniref_Healthy-BaselinevsHealthy-Fl",0.00804546548466009
"UniRef90_F0IDH7","dieguez_complete_uniref_Healthy-BaselinevsHealthy-Fl",0.0169198186374834
"UniRef90_L1NXR5","dieguez_complete_uniref_Healthy-BaselinevsHealthy-Fl",0.0323388152504996
"UniRef90_L1PPR7","dieguez_complete_uniref_Healthy-BaselinevsHealthy-Fl",0.0431109819518818
"UniRef90_U1QIV9","dieguez_complete_uniref_Healthy-BaselinevsHealthy-Fl",0.00221069846959509
"UniRef90_A0A241Q4L3","dieguez_complete_uniref_Healthy-BaselinevsHealthy-Fl",0.000838173345809976
"UniRef90_A0A2C5ZYQ6","dieguez_complete_uniref_Healthy-BaselinevsHealthy-Fl",0.0375360347087887
"UniRef90_A0A2C6BV61","dieguez_complete_uniref_Healthy-BaselinevsHealthy-Fl",0.0232551036267761
"UniRef90_A0A2C6C3I1","dieguez_complete_uniref_Healthy-BaselinevsHealthy-Fl",0.00726475181567398
"UniRef90_A0A2G9FAK1","dieguez_complete_uniref_Healthy-BaselinevsHealthy-Fl",0.00425328083082402
"UniRef90_A5TV72","dieguez_complete_uniref_Healthy-BaselinevsHealthy-Fl",0.0110109395778836
"UniRef90_D3IMD8","dieguez_complete_uniref_Healthy-BaselinevsHealthy-Fl",0.0155632581586261
"UniRef90_E7RY83","dieguez_complete_uniref_Healthy-BaselinevsHealthy-Fl",0.012107387115915
"UniRef90_L1NTI4","dieguez_complete_uniref_Healthy-BaselinevsHealthy-Fl",0.0387010930978541
"UniRef90_L1P8R8","dieguez_complete_uniref_Healthy-BaselinevsHealthy-Fl",0.0165575416085594
"UniRef90_L1PDL4","dieguez_complete_uniref_Healthy-BaselinevsHealthy-Fl",0.0145823193824622
"UniRef90_Q7P652","dieguez_complete_uniref_Healthy-BaselinevsHealthy-Fl",0.00991578055510976
"UniRef90_U1QXW4","dieguez_complete_uniref_Healthy-BaselinevsHealthy-Fl",0.0161552786168908
"UniRef90_U1R3T5","dieguez_complete_uniref_Healthy-BaselinevsHealthy-Fl",0.000690732078650041
"UniRef90_U2AZB2","dieguez_complete_uniref_Healthy-BaselinevsHealthy-Fl",0.0266589365051822
"UniRef90_U2BYZ5","dieguez_complete_uniref_Healthy-BaselinevsHealthy-Fl",0.0337388079105655
"UniRef90_U2LXT4","dieguez_complete_uniref_Healthy-BaselinevsHealthy-Fl",0.0281336128739793
"UniRef90_UPI0007E347B6","dieguez_complete_uniref_Healthy-BaselinevsHealthy-Fl",0.0203670933552876
"UniRef90_W2CGF0","dieguez_complete_uniref_Healthy-BaselinevsHealthy-Fl",0.0150725422533162
"UniRef90_A0A2N6TFM9","dieguez_complete_uniref_Healthy-BaselinevsCaries-Fl-Ar",0.0145140815175266
"UniRef90_A0A0S2ZM78","dieguez_complete_uniref_Healthy-BaselinevsCaries-Fl-Ar",0.000107111624939665
"UniRef90_A0A1Q8WM28","dieguez_complete_uniref_Healthy-BaselinevsCaries-Fl-Ar",0.0332068027739383
"UniRef90_A0A2N6TLH8","dieguez_complete_uniref_Healthy-BaselinevsCaries-Fl-Ar",0.00495984296260938
"UniRef90_C9MZK9","dieguez_complete_uniref_Healthy-BaselinevsCaries-Fl-Ar",0.000639035334707876
"UniRef90_E0DHI2","dieguez_complete_uniref_Healthy-BaselinevsCaries-Fl-Ar",0.0253704774353168
"UniRef90_E6LLD9","dieguez_complete_uniref_Healthy-BaselinevsCaries-Fl-Ar",0.00986404536614898
"UniRef90_L1P8R8","dieguez_complete_uniref_Healthy-BaselinevsCaries-Fl-Ar",0.00662098378976698
"UniRef90_L1PKY8","dieguez_complete_uniref_Healthy-BaselinevsCaries-Fl-Ar",0.00591563564861837
"UniRef90_S2ZQS1","dieguez_complete_uniref_Healthy-BaselinevsCaries-Fl-Ar",0.0376283337660366
"UniRef90_U2IFD3","dieguez_complete_uniref_Healthy-BaselinevsCaries-Fl-Ar",0.0380392447647376
"UniRef90_U2RAS2","dieguez_complete_uniref_Healthy-BaselinevsCaries-Fl-Ar",0.00757844901475361
"UniRef90_UPI0007E347B6","dieguez_complete_uniref_Healthy-BaselinevsCaries-Fl-Ar",0.00459843460544454
"UniRef90_X8HWZ7","dieguez_complete_uniref_Healthy-BaselinevsCaries-Fl-Ar",0.00366415430854602
"UniRef90_A0A096ASI9","dieguez_complete_uniref_Healthy-BaselinevsHealthy-Fl-Ar",0.037811954547959
"UniRef90_A0A2C6BMA4","dieguez_complete_uniref_Healthy-BaselinevsHealthy-Fl-Ar",0.0127460967942992
"UniRef90_E8KF34","dieguez_complete_uniref_Healthy-BaselinevsHealthy-Fl-Ar",0.00178501987792078
"UniRef90_L1P8P6","dieguez_complete_uniref_Healthy-BaselinevsHealthy-Fl-Ar",0.0148024109378076
"UniRef90_U1PUH2","dieguez_complete_uniref_Healthy-BaselinevsHealthy-Fl-Ar",0.0394010094201983
"UniRef90_A0A134A313","dieguez_complete_uniref_Healthy-BaselinevsHealthy-Fl-Ar",0.0430031252031766
"UniRef90_D7NFI9","dieguez_complete_uniref_Healthy-BaselinevsHealthy-Fl-Ar",0.047356008735422
"UniRef90_G6C504","dieguez_complete_uniref_Healthy-BaselinevsHealthy-Fl-Ar",0.0414565349776685
"UniRef90_L1NZV5","dieguez_complete_uniref_Healthy-BaselinevsHealthy-Fl-Ar",0.0207203299087962
"UniRef90_L1P8R8","dieguez_complete_uniref_Healthy-BaselinevsHealthy-Fl-Ar",0.00536627407072912
"UniRef90_L1PKY8","dieguez_complete_uniref_Healthy-BaselinevsHealthy-Fl-Ar",0.00322895224425684
"UniRef90_L1PNE1","dieguez_complete_uniref_Healthy-BaselinevsHealthy-Fl-Ar",0.0469366968453195
"UniRef90_L1PUB1","dieguez_complete_uniref_Healthy-BaselinevsHealthy-Fl-Ar",0.0173894189650027
"UniRef90_S2ZQS1","dieguez_complete_uniref_Healthy-BaselinevsHealthy-Fl-Ar",0.0381187402269008
"UniRef90_U1R3T5","dieguez_complete_uniref_Healthy-BaselinevsHealthy-Fl-Ar",0.0253661105226444
"UniRef90_U2IFD3","dieguez_complete_uniref_Healthy-BaselinevsHealthy-Fl-Ar",0.0499959007871777
"UniRef90_A0A0M3UUY0","dieguez_complete_uniref_Caries-FlvsHealthy-Fl",0.0339180699202881
"UniRef90_C4GK28","dieguez_complete_uniref_Caries-FlvsHealthy-Fl",0.0321070005231506
"UniRef90_J5VG22","dieguez_complete_uniref_Caries-FlvsHealthy-Fl",0.0483924897820336
"UniRef90_L1P5L4","dieguez_complete_uniref_Caries-FlvsHealthy-Fl",0.0494232001124419
"UniRef90_U1QYG9","dieguez_complete_uniref_Caries-FlvsHealthy-Fl",0.0170097849959328
"UniRef90_A0A241Q4L3","dieguez_complete_uniref_Caries-FlvsHealthy-Fl",0.0498874140284397
"UniRef90_A5TV72","dieguez_complete_uniref_Caries-FlvsHealthy-Fl",0.0118351768569529
"UniRef90_A5TVF0","dieguez_complete_uniref_Caries-FlvsHealthy-Fl",0.0196451778679794
"UniRef90_E0DE64","dieguez_complete_uniref_Caries-FlvsHealthy-Fl",0.0379762139793524
"UniRef90_J6HXM3","dieguez_complete_uniref_Caries-FlvsHealthy-Fl",0.0365689257174373
"UniRef90_J6IUG2","dieguez_complete_uniref_Caries-FlvsHealthy-Fl",0.0493502426127898
"UniRef90_U1S322","dieguez_complete_uniref_Caries-FlvsHealthy-Fl",0.0279230261386807
"UniRef90_U2C3C7","dieguez_complete_uniref_Caries-FlvsHealthy-Fl",0.0132359689412349
"UniRef90_X8HWZ7","dieguez_complete_uniref_Caries-FlvsHealthy-Fl",0.00339465519070038
"UniRef90_G9ZCM6","dieguez_complete_uniref_Caries-FlvsCaries-Fl-Ar",0.0378868904022639
"UniRef90_A0A2C6C3I1","dieguez_complete_uniref_Caries-FlvsCaries-Fl-Ar",0.0148162587582457
"UniRef90_A5TV72","dieguez_complete_uniref_Caries-FlvsCaries-Fl-Ar",0.0199498106629133
"UniRef90_D3QZD1","dieguez_complete_uniref_Caries-FlvsCaries-Fl-Ar",0.0037818108395521
"UniRef90_E6LLD9","dieguez_complete_uniref_Caries-FlvsCaries-Fl-Ar",0.0383909182471324
"UniRef90_J6HZ39","dieguez_complete_uniref_Caries-FlvsCaries-Fl-Ar",0.0250110706985729
"UniRef90_W2VDD7","dieguez_complete_uniref_Caries-FlvsCaries-Fl-Ar",0.000370886177410204
"UniRef90_A0A2B7YS72","dieguez_complete_uniref_Caries-FlvsHealthy-Fl-Ar",0.0134802060472127
"UniRef90_A0A2C6C3I1","dieguez_complete_uniref_Caries-FlvsHealthy-Fl-Ar",0.00492382947790904
"UniRef90_A5TV72","dieguez_complete_uniref_Caries-FlvsHealthy-Fl-Ar",0.00371397496618763
"UniRef90_D3IKU4","dieguez_complete_uniref_Caries-FlvsHealthy-Fl-Ar",0.0454106834000557
"UniRef90_E0DE64","dieguez_complete_uniref_Caries-FlvsHealthy-Fl-Ar",0.0378741585047557
"UniRef90_F2UVA9","dieguez_complete_uniref_Caries-FlvsHealthy-Fl-Ar",0.0214208694064993
"UniRef90_J0XE44","dieguez_complete_uniref_Caries-FlvsHealthy-Fl-Ar",0.0476694715443529
"UniRef90_W2CTG9","dieguez_complete_uniref_Caries-FlvsHealthy-Fl-Ar",0.00478186576633966
"UniRef90_W2VDD7","dieguez_complete_uniref_Caries-FlvsHealthy-Fl-Ar",0.0087465440567438
"UniRef90_J5VG22","dieguez_complete_uniref_Healthy-FlvsCaries-Fl-Ar",0.0115141132782952
"UniRef90_A0A0X8JSY8","dieguez_complete_uniref_Healthy-FlvsCaries-Fl-Ar",0.0153630436641899
"UniRef90_A0A2N6TLH8","dieguez_complete_uniref_Healthy-FlvsCaries-Fl-Ar",0.00574012223246595
"UniRef90_A5TVF0","dieguez_complete_uniref_Healthy-FlvsCaries-Fl-Ar",0.0153627894954741
"UniRef90_C9MZK9","dieguez_complete_uniref_Healthy-FlvsCaries-Fl-Ar",0.0271301462977824
"UniRef90_S2ZQS1","dieguez_complete_uniref_Healthy-FlvsCaries-Fl-Ar",0.0381361235211485
"UniRef90_U1SAA0","dieguez_complete_uniref_Healthy-FlvsCaries-Fl-Ar",0.0441878776385818
"UniRef90_U2R2D9","dieguez_complete_uniref_Healthy-FlvsCaries-Fl-Ar",0.00564599050073297
"UniRef90_X8HWZ7","dieguez_complete_uniref_Healthy-FlvsCaries-Fl-Ar",0.0368780178645023
"UniRef90_E1KT92","dieguez_complete_uniref_Healthy-FlvsHealthy-Fl-Ar",0.0162697365313464
"UniRef90_A0A2B7YY17","dieguez_complete_uniref_Healthy-FlvsHealthy-Fl-Ar",0.0324241008662794
"UniRef90_A0A2C6BV61","dieguez_complete_uniref_Healthy-FlvsHealthy-Fl-Ar",0.0139238109036359
"UniRef90_A0A2G9FAK1","dieguez_complete_uniref_Healthy-FlvsHealthy-Fl-Ar",0.00401321121089289
"UniRef90_C8NB72","dieguez_complete_uniref_Healthy-FlvsHealthy-Fl-Ar",0.0431675003974274
"UniRef90_C9MWN9","dieguez_complete_uniref_Healthy-FlvsHealthy-Fl-Ar",0.00946808728155072
"UniRef90_E0DHH0","dieguez_complete_uniref_Healthy-FlvsHealthy-Fl-Ar",0.0438386894323079
"UniRef90_G6C504","dieguez_complete_uniref_Healthy-FlvsHealthy-Fl-Ar",0.038621776086239
"UniRef90_L1NZV5","dieguez_complete_uniref_Healthy-FlvsHealthy-Fl-Ar",0.0429263568488439
"UniRef90_U1Q2Z8","dieguez_complete_uniref_Healthy-FlvsHealthy-Fl-Ar",0.0418851551634193
"UniRef90_U1R9S4","dieguez_complete_uniref_Healthy-FlvsHealthy-Fl-Ar",0.0106080196640756
"UniRef90_U2R2D9","dieguez_complete_uniref_Healthy-FlvsHealthy-Fl-Ar",0.0329218105177613
"UniRef90_W2CTG9","dieguez_complete_uniref_Healthy-FlvsHealthy-Fl-Ar",0.000684664122587026
"UniRef90_A0A0M3UUY0","dieguez_complete_uniref_Caries-Fl-ArvsHealthy-Fl-Ar",0.0454381496924764
"UniRef90_E1KT92","dieguez_complete_uniref_Caries-Fl-ArvsHealthy-Fl-Ar",0.00564799395387588
"UniRef90_A0A0S2ZM78","dieguez_complete_uniref_Caries-Fl-ArvsHealthy-Fl-Ar",0.0303780027348357
"UniRef90_A0A0X8JSY8","dieguez_complete_uniref_Caries-Fl-ArvsHealthy-Fl-Ar",0.00213843389436394
"UniRef90_A0A241Q2B3","dieguez_complete_uniref_Caries-Fl-ArvsHealthy-Fl-Ar",0.00487013439410688
"UniRef90_A0A250FNZ8","dieguez_complete_uniref_Caries-Fl-ArvsHealthy-Fl-Ar",0.0163482642095717
"UniRef90_A0A2N6TLH8","dieguez_complete_uniref_Caries-Fl-ArvsHealthy-Fl-Ar",0.0195914264876284
"UniRef90_A0A2N6TM57","dieguez_complete_uniref_Caries-Fl-ArvsHealthy-Fl-Ar",0.033914077601949
"UniRef90_A5TSM3","dieguez_complete_uniref_Caries-Fl-ArvsHealthy-Fl-Ar",0.0319540371664857
"UniRef90_D3IKU4","dieguez_complete_uniref_Caries-Fl-ArvsHealthy-Fl-Ar",0.00760229568185852
"UniRef90_E6LLD9","dieguez_complete_uniref_Caries-Fl-ArvsHealthy-Fl-Ar",0.0248282750465807
"UniRef90_J6HZ39","dieguez_complete_uniref_Caries-Fl-ArvsHealthy-Fl-Ar",0.0130582660339038
"UniRef90_U1Q2Z8","dieguez_complete_uniref_Caries-Fl-ArvsHealthy-Fl-Ar",0.0101288279165579
"UniRef90_U1SAA0","dieguez_complete_uniref_Caries-Fl-ArvsHealthy-Fl-Ar",0.0207356420224106
"UniRef90_UPI0007E347B6","dieguez_complete_uniref_Caries-Fl-ArvsHealthy-Fl-Ar",0.00948538884645101
"UniRef90_W2CTG9","dieguez_complete_uniref_Caries-Fl-ArvsHealthy-Fl-Ar",0.00151620317601622
"UniRef90_C7NA43","ev_complete_uniref_Caries-CAavsCaries-CAi",0.0471415638333469
"UniRef90_F3AZB3","ev_complete_uniref_Caries-CAavsCaries-CAi",0.0328233982185841
"UniRef90_H1LVS8","ev_complete_uniref_Caries-CAavsCaries-CAi",0.0292671428009468
"UniRef90_L1NYQ6","ev_complete_uniref_Caries-CAavsCaries-CAi",0.0498133450739481
"UniRef90_L1P121","ev_complete_uniref_Caries-CAavsCaries-CAi",0.034425467957267
"UniRef90_U1PZP5","ev_complete_uniref_Caries-CAavsCaries-CAi",0.0273299229157161
"UniRef90_UPI00020F0401","ev_complete_uniref_Caries-CAavsCaries-CAi",0.0414532664431935
"UniRef90_A0A241Q1Z2","ev_complete_uniref_Caries-CAavsCaries-CAi",0.0276859045908549
"UniRef90_A0A2C5ZYQ6","ev_complete_uniref_Caries-CAavsCaries-CAi",0.00174505687158351
"UniRef90_A0A2N6TM74","ev_complete_uniref_Caries-CAavsCaries-CAi",0.0262302453887246
"UniRef90_A5TWG4","ev_complete_uniref_Caries-CAavsCaries-CAi",0.0262967998924551
"UniRef90_C8NI31","ev_complete_uniref_Caries-CAavsCaries-CAi",0.0173726717636743
"UniRef90_E0DE64","ev_complete_uniref_Caries-CAavsCaries-CAi",0.00180279103717669
"UniRef90_E7RXG0","ev_complete_uniref_Caries-CAavsCaries-CAi",0.00263788323751635
"UniRef90_F2UVA9","ev_complete_uniref_Caries-CAavsCaries-CAi",0.0102173066772233
"UniRef90_J0MQ72","ev_complete_uniref_Caries-CAavsCaries-CAi",0.0242259860912153
"UniRef90_J2ZP06","ev_complete_uniref_Caries-CAavsCaries-CAi",0.0220660685641828
"UniRef90_J4X4D7","ev_complete_uniref_Caries-CAavsCaries-CAi",0.0489818063820762
"UniRef90_L1MBX8","ev_complete_uniref_Caries-CAavsCaries-CAi",0.0145317142617791
"UniRef90_Q7P3S4","ev_complete_uniref_Caries-CAavsCaries-CAi",0.01489974398741
"UniRef90_U1Q6C0","ev_complete_uniref_Caries-CAavsCaries-CAi",0.0224186781222587
"UniRef90_U2LXT4","ev_complete_uniref_Caries-CAavsCaries-CAi",0.0320472910013847
"UniRef90_UPI000479641D","ev_complete_uniref_Caries-CAavsCaries-CAi",0.0436545790706337
"UniRef90_V2Y0N7","ev_complete_uniref_Caries-CAavsCaries-CAi",0.000514997129147539
"UniRef90_W2VDD7","ev_complete_uniref_Caries-CAavsCaries-CAi",0.0148067516971449
"UniRef90_A0A134BE17","ev_complete_uniref_Caries-CAavsCaries-CAs",0.0474186443487453
"UniRef90_A0A2C6BS96","ev_complete_uniref_Caries-CAavsCaries-CAs",0.0188464365966955
"UniRef90_C7NBR1","ev_complete_uniref_Caries-CAavsCaries-CAs",0.012719269813607
"UniRef90_L1PBR5","ev_complete_uniref_Caries-CAavsCaries-CAs",0.0219529898597537
"UniRef90_V2XLD5","ev_complete_uniref_Caries-CAavsCaries-CAs",0.0371670464638258
"UniRef90_W1Q1S0","ev_complete_uniref_Caries-CAavsCaries-CAs",0.0370004525036458
"UniRef90_A0A1F0UQX2","ev_complete_uniref_Caries-CAavsCaries-CAs",0.0246144662128265
"UniRef90_A0A223AZQ6","ev_complete_uniref_Caries-CAavsCaries-CAs",0.0314448780993273
"UniRef90_A0A241Q1Z2","ev_complete_uniref_Caries-CAavsCaries-CAs",0.01853937239144
"UniRef90_A0A2B7YNI3","ev_complete_uniref_Caries-CAavsCaries-CAs",0.0468868823131493
"UniRef90_A0A2B7YWT3","ev_complete_uniref_Caries-CAavsCaries-CAs",0.0473967045920389
"UniRef90_A0A2C6BTY4","ev_complete_uniref_Caries-CAavsCaries-CAs",0.0372258046769961
"UniRef90_A0A2N6TLH8","ev_complete_uniref_Caries-CAavsCaries-CAs",0.0402900092275839
"UniRef90_A5TT68","ev_complete_uniref_Caries-CAavsCaries-CAs",0.0186673725644043
"UniRef90_C8NDE1","ev_complete_uniref_Caries-CAavsCaries-CAs",0.0105948757857972
"UniRef90_D3ILB5","ev_complete_uniref_Caries-CAavsCaries-CAs",0.0471154433718536
"UniRef90_E0DE64","ev_complete_uniref_Caries-CAavsCaries-CAs",0.0126015108324963
"UniRef90_E7RTK7","ev_complete_uniref_Caries-CAavsCaries-CAs",0.0128618351002526
"UniRef90_E7RXG0","ev_complete_uniref_Caries-CAavsCaries-CAs",0.0292325399028986
"UniRef90_F3AZX4","ev_complete_uniref_Caries-CAavsCaries-CAs",0.0250462550176868
"UniRef90_F5RPM2","ev_complete_uniref_Caries-CAavsCaries-CAs",0.0337481405938833
"UniRef90_F7L2Y4","ev_complete_uniref_Caries-CAavsCaries-CAs",0.0430091964962345
"UniRef90_G9ZCV2","ev_complete_uniref_Caries-CAavsCaries-CAs",0.00934577664299756
"UniRef90_J6HXM3","ev_complete_uniref_Caries-CAavsCaries-CAs",0.0192943941065187
"UniRef90_L1NPP8","ev_complete_uniref_Caries-CAavsCaries-CAs",0.0470790319372587
"UniRef90_L1P504","ev_complete_uniref_Caries-CAavsCaries-CAs",0.0250462550176868
"UniRef90_L1P808","ev_complete_uniref_Caries-CAavsCaries-CAs",0.0261928808067512
"UniRef90_L1PAV3","ev_complete_uniref_Caries-CAavsCaries-CAs",0.0461246451811082
"UniRef90_L1Q3K9","ev_complete_uniref_Caries-CAavsCaries-CAs",0.028670720344384
"UniRef90_Q7P3S4","ev_complete_uniref_Caries-CAavsCaries-CAs",0.00783507945519652
"UniRef90_S3BAE8","ev_complete_uniref_Caries-CAavsCaries-CAs",0.0226840058157079
"UniRef90_U2AFG7","ev_complete_uniref_Caries-CAavsCaries-CAs",0.0490339216186859
"UniRef90_U2AQQ5","ev_complete_uniref_Caries-CAavsCaries-CAs",0.0362967182756141
"UniRef90_U2AXI3","ev_complete_uniref_Caries-CAavsCaries-CAs",0.0101374650766876
"UniRef90_U2AZB2","ev_complete_uniref_Caries-CAavsCaries-CAs",0.0198503167141085
"UniRef90_U2FF01","ev_complete_uniref_Caries-CAavsCaries-CAs",0.0132282754450805
"UniRef90_U2LXT4","ev_complete_uniref_Caries-CAavsCaries-CAs",0.0369347498062815
"UniRef90_U2R2D9","ev_complete_uniref_Caries-CAavsCaries-CAs",0.0348906851713567
"UniRef90_W1Q1L8","ev_complete_uniref_Caries-CAavsCaries-CAs",0.0469349723145057
"UniRef90_W2CDB2","ev_complete_uniref_Caries-CAavsCaries-CAs",0.0473967045920389
"UniRef90_W2CSC7","ev_complete_uniref_Caries-CAavsCaries-CAs",0.0413207339632372
"UniRef90_X8HWZ7","ev_complete_uniref_Caries-CAavsCaries-CAs",0.0402889181460243
"UniRef90_B9D2N3","ev_complete_uniref_Caries-CAavsHealthy-CI",0.0327753612370574
"UniRef90_H1LUP6","ev_complete_uniref_Caries-CAavsHealthy-CI",0.0271265634846174
"UniRef90_J4KDX8","ev_complete_uniref_Caries-CAavsHealthy-CI",0.0468602059832068
"UniRef90_L1NIT5","ev_complete_uniref_Caries-CAavsHealthy-CI",0.0483580069312205
"UniRef90_U7V4D6","ev_complete_uniref_Caries-CAavsHealthy-CI",0.00983356451742962
"UniRef90_UPI00036A705E","ev_complete_uniref_Caries-CAavsHealthy-CI",0.0419438223721153
"UniRef90_A0A0X8KAH6","ev_complete_uniref_Caries-CAavsHealthy-CI",0.0474942571886988
"UniRef90_A0A134A2L4","ev_complete_uniref_Caries-CAavsHealthy-CI",0.0468602059832068
"UniRef90_A0A318HQ74","ev_complete_uniref_Caries-CAavsHealthy-CI",0.0214622252214991
"UniRef90_C8NB72","ev_complete_uniref_Caries-CAavsHealthy-CI",0.0321779519002994
"UniRef90_C9MUM6","ev_complete_uniref_Caries-CAavsHealthy-CI",0.0447834039645641
"UniRef90_D3IKE1","ev_complete_uniref_Caries-CAavsHealthy-CI",0.0401382331542136
"UniRef90_D3QZD1","ev_complete_uniref_Caries-CAavsHealthy-CI",0.0237115990457471
"UniRef90_E7RXG0","ev_complete_uniref_Caries-CAavsHealthy-CI",0.010745231418077
"UniRef90_F9EDQ2","ev_complete_uniref_Caries-CAavsHealthy-CI",0.0153268423958093
"UniRef90_J0XEL7","ev_complete_uniref_Caries-CAavsHealthy-CI",0.00219761698457217
"UniRef90_J6I625","ev_complete_uniref_Caries-CAavsHealthy-CI",0.0380656428538834
"UniRef90_L1NQ05","ev_complete_uniref_Caries-CAavsHealthy-CI",0.00302939685610846
"UniRef90_U1RP32","ev_complete_uniref_Caries-CAavsHealthy-CI",0.0159982661104996
"UniRef90_U2BYZ5","ev_complete_uniref_Caries-CAavsHealthy-CI",0.0280909689657948
"UniRef90_U2C1G8","ev_complete_uniref_Caries-CAavsHealthy-CI",0.0400524349810332
"UniRef90_U2Q999","ev_complete_uniref_Caries-CAavsHealthy-CI",0.0460417205426948
"UniRef90_UPI0004E12320","ev_complete_uniref_Caries-CAavsHealthy-CI",0.0479234643072477
"UniRef90_W2CIW7","ev_complete_uniref_Caries-CAavsHealthy-CI",0.0389605938798035
"UniRef90_W2VDD7","ev_complete_uniref_Caries-CAavsHealthy-CI",0.0187729136619001
"UniRef90_X8H3M8","ev_complete_uniref_Caries-CAavsHealthy-CI",0.035303028474545
"UniRef90_H1LUP6","ev_complete_uniref_Caries-CAavsHealthy-CF",5.23814167706386e-05
"UniRef90_UPI0009F88094","ev_complete_uniref_Caries-CAavsHealthy-CF",0.00242919264873878
"UniRef90_A0A241Q1Z2","ev_complete_uniref_Caries-CAavsHealthy-CF",0.0091686135430233
"UniRef90_A0A241Q4K7","ev_complete_uniref_Caries-CAavsHealthy-CF",0.0054861592975426
"UniRef90_A0A250F9F0","ev_complete_uniref_Caries-CAavsHealthy-CF",0.00857161990842881
"UniRef90_A0A2N6TM57","ev_complete_uniref_Caries-CAavsHealthy-CF",0.00718255431152453
"UniRef90_C7M709","ev_complete_uniref_Caries-CAavsHealthy-CF",0.0095062505269677
"UniRef90_D3QZD1","ev_complete_uniref_Caries-CAavsHealthy-CF",0.0102382624920251
"UniRef90_E0DE94","ev_complete_uniref_Caries-CAavsHealthy-CF",0.0127780056781258
"UniRef90_E7RY83","ev_complete_uniref_Caries-CAavsHealthy-CF",0.000472748258818057
"UniRef90_F0IAB6","ev_complete_uniref_Caries-CAavsHealthy-CF",0.00328794354861525
"UniRef90_F2UVA9","ev_complete_uniref_Caries-CAavsHealthy-CF",0.0438143999425251
"UniRef90_G6AGG7","ev_complete_uniref_Caries-CAavsHealthy-CF",0.00454031299008057
"UniRef90_K0XIQ7","ev_complete_uniref_Caries-CAavsHealthy-CF",0.00562782560633204
"UniRef90_L1PMK0","ev_complete_uniref_Caries-CAavsHealthy-CF",0.0138269105513341
"UniRef90_L1PSR8","ev_complete_uniref_Caries-CAavsHealthy-CF",0.00822860955176089
"UniRef90_U1QP00","ev_complete_uniref_Caries-CAavsHealthy-CF",0.00328547358272483
"UniRef90_U2CAK8","ev_complete_uniref_Caries-CAavsHealthy-CF",0.00556390455319042
"UniRef90_U2LXT4","ev_complete_uniref_Caries-CAavsHealthy-CF",0.0106438856269885
"UniRef90_U2R2D9","ev_complete_uniref_Caries-CAavsHealthy-CF",0.0303994982177019
"UniRef90_U2SSM5","ev_complete_uniref_Caries-CAavsHealthy-CF",0.0107766496414623
"UniRef90_U2T0U2","ev_complete_uniref_Caries-CAavsHealthy-CF",0.0126491610160416
"UniRef90_W2VDD7","ev_complete_uniref_Caries-CAavsHealthy-CF",0.00662307955075544
"UniRef90_A0A134BE17","ev_complete_uniref_Caries-CAivsCaries-CAs",0.0208527062972665
"UniRef90_A0A1B6W0U8","ev_complete_uniref_Caries-CAivsCaries-CAs",0.0358951482788767
"UniRef90_A0A2C6A320","ev_complete_uniref_Caries-CAivsCaries-CAs",0.0247658540929016
"UniRef90_A0A2C6BS96","ev_complete_uniref_Caries-CAivsCaries-CAs",0.00690566453419197
"UniRef90_A0A2T5XRS3","ev_complete_uniref_Caries-CAivsCaries-CAs",0.0324234782802846
"UniRef90_A0A2X4AK02","ev_complete_uniref_Caries-CAivsCaries-CAs",0.0477330215148363
"UniRef90_C7NBR1","ev_complete_uniref_Caries-CAivsCaries-CAs",0.00679293651936835
"UniRef90_E7RVW1","ev_complete_uniref_Caries-CAivsCaries-CAs",0.00379516261345021
"UniRef90_F0F2M7","ev_complete_uniref_Caries-CAivsCaries-CAs",0.0463001629491125
"UniRef90_F3B3C8","ev_complete_uniref_Caries-CAivsCaries-CAs",0.0355729540527583
"UniRef90_G9ZEQ7","ev_complete_uniref_Caries-CAivsCaries-CAs",0.0394071736777633
"UniRef90_L1P8E0","ev_complete_uniref_Caries-CAivsCaries-CAs",0.0319973343654597
"UniRef90_L1P920","ev_complete_uniref_Caries-CAivsCaries-CAs",0.0495882278293208
"UniRef90_L1PBR5","ev_complete_uniref_Caries-CAivsCaries-CAs",0.00881153423517514
"UniRef90_R9MWB5","ev_complete_uniref_Caries-CAivsCaries-CAs",0.0232710836570565
"UniRef90_U2A6D5","ev_complete_uniref_Caries-CAivsCaries-CAs",0.0484558615362685
"UniRef90_U7UXL5","ev_complete_uniref_Caries-CAivsCaries-CAs",0.0326172630822067
"UniRef90_U7V776","ev_complete_uniref_Caries-CAivsCaries-CAs",0.0440395762435244
"UniRef90_UPI0003F563A9","ev_complete_uniref_Caries-CAivsCaries-CAs",0.0307641986962158
"UniRef90_V2XLD5","ev_complete_uniref_Caries-CAivsCaries-CAs",0.0196822124460375
"UniRef90_W1Q1S0","ev_complete_uniref_Caries-CAivsCaries-CAs",0.0272405557376672
"UniRef90_A0A069ZHY6","ev_complete_uniref_Caries-CAivsCaries-CAs",0.0405966310085228
"UniRef90_A0A1F0UQX2","ev_complete_uniref_Caries-CAivsCaries-CAs",0.0105435328626853
"UniRef90_A0A223AZQ6","ev_complete_uniref_Caries-CAivsCaries-CAs",0.0153401996172594
"UniRef90_A0A2B7YNI3","ev_complete_uniref_Caries-CAivsCaries-CAs",0.0231804668068215
"UniRef90_A0A2B7YWT3","ev_complete_uniref_Caries-CAivsCaries-CAs",0.028023645359576
"UniRef90_A0A2C6B5N0","ev_complete_uniref_Caries-CAivsCaries-CAs",0.0430719550498854
"UniRef90_A0A2C6BTY4","ev_complete_uniref_Caries-CAivsCaries-CAs",0.0197281249965084
"UniRef90_A0A2G9F7T9","ev_complete_uniref_Caries-CAivsCaries-CAs",0.0328108689113647
"UniRef90_A0A323TX70","ev_complete_uniref_Caries-CAivsCaries-CAs",0.0180673852190395
"UniRef90_A5TT68","ev_complete_uniref_Caries-CAivsCaries-CAs",0.00679997537013918
"UniRef90_C7M709","ev_complete_uniref_Caries-CAivsCaries-CAs",0.012788029294035
"UniRef90_C8NDE1","ev_complete_uniref_Caries-CAivsCaries-CAs",0.00615615903093836
"UniRef90_D3IF56","ev_complete_uniref_Caries-CAivsCaries-CAs",0.00788181046748949
"UniRef90_D3ILB5","ev_complete_uniref_Caries-CAivsCaries-CAs",0.0277857371795358
"UniRef90_D7JCK2","ev_complete_uniref_Caries-CAivsCaries-CAs",0.0323974907227029
"UniRef90_D7JH52","ev_complete_uniref_Caries-CAivsCaries-CAs",0.0486833990899614
"UniRef90_E6LKU2","ev_complete_uniref_Caries-CAivsCaries-CAs",0.0309002066705052
"UniRef90_E7RTK5","ev_complete_uniref_Caries-CAivsCaries-CAs",0.0495129645993537
"UniRef90_E7RTK6","ev_complete_uniref_Caries-CAivsCaries-CAs",0.0291905429156322
"UniRef90_E7RTK7","ev_complete_uniref_Caries-CAivsCaries-CAs",0.00714353123432466
"UniRef90_E7RTR9","ev_complete_uniref_Caries-CAivsCaries-CAs",0.00144415669090648
"UniRef90_E7RTY9","ev_complete_uniref_Caries-CAivsCaries-CAs",0.0355860303413644
"UniRef90_E7RVB6","ev_complete_uniref_Caries-CAivsCaries-CAs",0.0260776089924017
"UniRef90_E7RYB7","ev_complete_uniref_Caries-CAivsCaries-CAs",0.0241325778222883
"UniRef90_E7RYK2","ev_complete_uniref_Caries-CAivsCaries-CAs",0.0164155581370924
"UniRef90_F2UVA9","ev_complete_uniref_Caries-CAivsCaries-CAs",0.00963667261716565
"UniRef90_F3UU36","ev_complete_uniref_Caries-CAivsCaries-CAs",0.00579977565651121
"UniRef90_F5RPM2","ev_complete_uniref_Caries-CAivsCaries-CAs",0.0170560409382428
"UniRef90_F7L2Y4","ev_complete_uniref_Caries-CAivsCaries-CAs",0.024364710840767
"UniRef90_F9EQU2","ev_complete_uniref_Caries-CAivsCaries-CAs",0.0382519450958134
"UniRef90_G9ZCV2","ev_complete_uniref_Caries-CAivsCaries-CAs",0.00209421918238233
"UniRef90_J4J2M1","ev_complete_uniref_Caries-CAivsCaries-CAs",0.0427563376313242
"UniRef90_J4VLQ5","ev_complete_uniref_Caries-CAivsCaries-CAs",0.0430410804635181
"UniRef90_J5UUN7","ev_complete_uniref_Caries-CAivsCaries-CAs",0.0458561319077734
"UniRef90_J6ILZ2","ev_complete_uniref_Caries-CAivsCaries-CAs",0.0411548383846588
"UniRef90_J6IUG2","ev_complete_uniref_Caries-CAivsCaries-CAs",0.00665447937611442
"UniRef90_K1GXY7","ev_complete_uniref_Caries-CAivsCaries-CAs",0.0235753864342271
"UniRef90_L1NPP8","ev_complete_uniref_Caries-CAivsCaries-CAs",0.02775497056635
"UniRef90_L1NY42","ev_complete_uniref_Caries-CAivsCaries-CAs",0.00959709009455119
"UniRef90_L1P504","ev_complete_uniref_Caries-CAivsCaries-CAs",0.0108323950697354
"UniRef90_L1P808","ev_complete_uniref_Caries-CAivsCaries-CAs",0.0208421518998199
"UniRef90_L1P8P3","ev_complete_uniref_Caries-CAivsCaries-CAs",0.0384680490846803
"UniRef90_L1P9H9","ev_complete_uniref_Caries-CAivsCaries-CAs",0.0140779592920164
"UniRef90_L1PAV3","ev_complete_uniref_Caries-CAivsCaries-CAs",0.0269512210067979
"UniRef90_L1Q3K9","ev_complete_uniref_Caries-CAivsCaries-CAs",0.0133361952855958
"UniRef90_Q7P7A0","ev_complete_uniref_Caries-CAivsCaries-CAs",0.0404778722956406
"UniRef90_Q7P822","ev_complete_uniref_Caries-CAivsCaries-CAs",0.0393935890855289
"UniRef90_U1S2R3","ev_complete_uniref_Caries-CAivsCaries-CAs",0.0386270319090099
"UniRef90_U2AFG7","ev_complete_uniref_Caries-CAivsCaries-CAs",0.029417173807822
"UniRef90_U2AQ36","ev_complete_uniref_Caries-CAivsCaries-CAs",0.0319171162402381
"UniRef90_U2AQQ5","ev_complete_uniref_Caries-CAivsCaries-CAs",0.0190051551771433
"UniRef90_U2AXI3","ev_complete_uniref_Caries-CAivsCaries-CAs",0.00575752734167401
"UniRef90_U2AZB2","ev_complete_uniref_Caries-CAivsCaries-CAs",0.0139082601488613
"UniRef90_U2FF01","ev_complete_uniref_Caries-CAivsCaries-CAs",0.00792846738655667
"UniRef90_U2SSM5","ev_complete_uniref_Caries-CAivsCaries-CAs",0.0197532422346757
"UniRef90_U7VAI7","ev_complete_uniref_Caries-CAivsCaries-CAs",0.0321553473944403
"UniRef90_UPI0002B6BC8E","ev_complete_uniref_Caries-CAivsCaries-CAs",0.0484451741646556
"UniRef90_UPI000BB16949","ev_complete_uniref_Caries-CAivsCaries-CAs",0.0125496675843395
"UniRef90_UPI000E0D5AAB","ev_complete_uniref_Caries-CAivsCaries-CAs",0.024797666274226
"UniRef90_UPI000E598125","ev_complete_uniref_Caries-CAivsCaries-CAs",0.0445116698675804
"UniRef90_V2Y0N7","ev_complete_uniref_Caries-CAivsCaries-CAs",0.0456406394045484
"UniRef90_W1Q1L8","ev_complete_uniref_Caries-CAivsCaries-CAs",0.0203850132457161
"UniRef90_W1Q6C7","ev_complete_uniref_Caries-CAivsCaries-CAs",0.0454686777633083
"UniRef90_W2CGF0","ev_complete_uniref_Caries-CAivsCaries-CAs",0.0297063488844003
"UniRef90_W2CSC7","ev_complete_uniref_Caries-CAivsCaries-CAs",0.0229879343432251
"UniRef90_X8HWZ7","ev_complete_uniref_Caries-CAivsCaries-CAs",0.0221557081963344
"UniRef90_X8I528","ev_complete_uniref_Caries-CAivsCaries-CAs",0.0362126129322536
"UniRef90_A0A3C0BI19","ev_complete_uniref_Caries-CAivsHealthy-CI",0.0496409459502116
"UniRef90_B9D2N3","ev_complete_uniref_Caries-CAivsHealthy-CI",0.0223148560485193
"UniRef90_J4KDX8","ev_complete_uniref_Caries-CAivsHealthy-CI",0.0353442879796815
"UniRef90_L1NIT5","ev_complete_uniref_Caries-CAivsHealthy-CI",0.0367758580504372
"UniRef90_UPI00036A705E","ev_complete_uniref_Caries-CAivsHealthy-CI",0.030701013666302
"UniRef90_A0A2C5ZYQ6","ev_complete_uniref_Caries-CAivsHealthy-CI",0.0376684079310797
"UniRef90_A0A2C6B5N0","ev_complete_uniref_Caries-CAivsHealthy-CI",0.0490845707551963
"UniRef90_A0A318HQ74","ev_complete_uniref_Caries-CAivsHealthy-CI",0.0126563257891264
"UniRef90_A5TVF0","ev_complete_uniref_Caries-CAivsHealthy-CI",0.0478276116807227
"UniRef90_C8NB72","ev_complete_uniref_Caries-CAivsHealthy-CI",0.021783143797687
"UniRef90_C9MUM6","ev_complete_uniref_Caries-CAivsHealthy-CI",0.00229742974819815
"UniRef90_D3IKE1","ev_complete_uniref_Caries-CAivsHealthy-CI",0.0290191690761639
"UniRef90_D3IKU4","ev_complete_uniref_Caries-CAivsHealthy-CI",0.00151207353790954
"UniRef90_D3QZD1","ev_complete_uniref_Caries-CAivsHealthy-CI",0.0428034436506408
"UniRef90_E0DE64","ev_complete_uniref_Caries-CAivsHealthy-CI",0.0456635400459381
"UniRef90_F2UVA9","ev_complete_uniref_Caries-CAivsHealthy-CI",0.00890431429012646
"UniRef90_F9EDQ2","ev_complete_uniref_Caries-CAivsHealthy-CI",0.00790820997210489
"UniRef90_L1NQ05","ev_complete_uniref_Caries-CAivsHealthy-CI",0.00233302153236151
"UniRef90_U2BYZ5","ev_complete_uniref_Caries-CAivsHealthy-CI",0.0182037274605605
"UniRef90_U2C1G8","ev_complete_uniref_Caries-CAivsHealthy-CI",0.0289395890703096
"UniRef90_U2KZ56","ev_complete_uniref_Caries-CAivsHealthy-CI",0.0289395890703096
"UniRef90_U2LXT4","ev_complete_uniref_Caries-CAivsHealthy-CI",0.00101087309729616
"UniRef90_U2Q999","ev_complete_uniref_Caries-CAivsHealthy-CI",0.0345652000220639
"UniRef90_UPI0004E12320","ev_complete_uniref_Caries-CAivsHealthy-CI",0.0363597642555564
"UniRef90_W2CIW7","ev_complete_uniref_Caries-CAivsHealthy-CI",0.0279296518880909
"UniRef90_W2VC95","ev_complete_uniref_Caries-CAivsHealthy-CI",0.024256840853915
"UniRef90_X8H3M8","ev_complete_uniref_Caries-CAivsHealthy-CI",0.0245862096124844
"UniRef90_E7N400","ev_complete_uniref_Caries-CAivsHealthy-CF",0.00569262828031013
"UniRef90_H1LVS8","ev_complete_uniref_Caries-CAivsHealthy-CF",0.0097162258300863
"UniRef90_J0N2U1","ev_complete_uniref_Caries-CAivsHealthy-CF",0.00287577913552133
"UniRef90_U1PZP5","ev_complete_uniref_Caries-CAivsHealthy-CF",0.00800065452214089
"UniRef90_A0A2C5ZYQ6","ev_complete_uniref_Caries-CAivsHealthy-CF",0.0161454822587036
"UniRef90_A0A2N6TM74","ev_complete_uniref_Caries-CAivsHealthy-CF",0.00774979938671354
"UniRef90_C8NI31","ev_complete_uniref_Caries-CAivsHealthy-CF",0.00316503745005681
"UniRef90_D2ZT22","ev_complete_uniref_Caries-CAivsHealthy-CF",0.0123293359348316
"UniRef90_D3QZD1","ev_complete_uniref_Caries-CAivsHealthy-CF",0.0176415541074117
"UniRef90_E0DE64","ev_complete_uniref_Caries-CAivsHealthy-CF",0.000268604359775204
"UniRef90_E0DE94","ev_complete_uniref_Caries-CAivsHealthy-CF",0.00263661116719887
"UniRef90_E7RXG0","ev_complete_uniref_Caries-CAivsHealthy-CF",0.000546290810056992
"UniRef90_E7RY83","ev_complete_uniref_Caries-CAivsHealthy-CF",0.0097533690572047
"UniRef90_J0MQ72","ev_complete_uniref_Caries-CAivsHealthy-CF",0.0498025296921096
"UniRef90_L1MBX8","ev_complete_uniref_Caries-CAivsHealthy-CF",0.00232078478222874
"UniRef90_L1PBM2","ev_complete_uniref_Caries-CAivsHealthy-CF",0.0253224274488471
"UniRef90_L1PMK0","ev_complete_uniref_Caries-CAivsHealthy-CF",0.0197090465483961
"UniRef90_L1PUU1","ev_complete_uniref_Caries-CAivsHealthy-CF",0.00161343733405047
"UniRef90_U1Q6C0","ev_complete_uniref_Caries-CAivsHealthy-CF",0.00621341615391227
"UniRef90_UPI0009F878EB","ev_complete_uniref_Caries-CAivsHealthy-CF",0.00161015275432249
"UniRef90_X8I528","ev_complete_uniref_Caries-CAivsHealthy-CF",0.0151307723082183
"UniRef90_A0A3C0BI19","ev_complete_uniref_Caries-CAsvsHealthy-CI",0.048798941387348
"UniRef90_B9D2N3","ev_complete_uniref_Caries-CAsvsHealthy-CI",0.0215803106787376
"UniRef90_J4KDX8","ev_complete_uniref_Caries-CAsvsHealthy-CI",0.0343907946357929
"UniRef90_L1NIT5","ev_complete_uniref_Caries-CAsvsHealthy-CI",0.0358037296950318
"UniRef90_U7V4D6","ev_complete_uniref_Caries-CAsvsHealthy-CI",0.0081089986347478
"UniRef90_UPI00036A705E","ev_complete_uniref_Caries-CAsvsHealthy-CI",0.0298147274751752
"UniRef90_A0A0M4GTB0","ev_complete_uniref_Caries-CAsvsHealthy-CI",0.00154170061321546
"UniRef90_A0A0X8KAH6","ev_complete_uniref_Caries-CAsvsHealthy-CI",0.0349879058394103
"UniRef90_A0A134A2L4","ev_complete_uniref_Caries-CAsvsHealthy-CI",0.0343907946357929
"UniRef90_A0A1Q8XIS7","ev_complete_uniref_Caries-CAsvsHealthy-CI",0.00424369348217974
"UniRef90_A0A2B7YY17","ev_complete_uniref_Caries-CAsvsHealthy-CI",0.0292490861110189
"UniRef90_A0A318HQ74","ev_complete_uniref_Caries-CAsvsHealthy-CI",0.0121606412211982
"UniRef90_A5TVF0","ev_complete_uniref_Caries-CAsvsHealthy-CI",0.0467402358886827
"UniRef90_C8NB72","ev_complete_uniref_Caries-CAsvsHealthy-CI",0.0210597483319589
"UniRef90_C9MUM6","ev_complete_uniref_Caries-CAsvsHealthy-CI",0.00224435086134005
"UniRef90_D2ENY9","ev_complete_uniref_Caries-CAsvsHealthy-CI",0.0175952699374249
"UniRef90_D3IKE1","ev_complete_uniref_Caries-CAsvsHealthy-CI",0.0281599730325252
"UniRef90_D3IKU4","ev_complete_uniref_Caries-CAsvsHealthy-CI",0.00146872778244604
"UniRef90_F9EDQ2","ev_complete_uniref_Caries-CAsvsHealthy-CI",0.0075660769491419
"UniRef90_J0XE44","ev_complete_uniref_Caries-CAsvsHealthy-CI",0.0232222614663652
"UniRef90_J0XEL7","ev_complete_uniref_Caries-CAsvsHealthy-CI",0.00152972801434439
"UniRef90_J6I625","ev_complete_uniref_Caries-CAsvsHealthy-CI",0.0262793204726332
"UniRef90_L1NQ05","ev_complete_uniref_Caries-CAsvsHealthy-CI",0.00228032618797319
"UniRef90_L1NU03","ev_complete_uniref_Caries-CAsvsHealthy-CI",0.042059091860391
"UniRef90_L1PMK0","ev_complete_uniref_Caries-CAsvsHealthy-CI",0.000168484272380206
"UniRef90_L1PS04","ev_complete_uniref_Caries-CAsvsHealthy-CI",0.0430122625717973
"UniRef90_U1RP32","ev_complete_uniref_Caries-CAsvsHealthy-CI",0.0141059581499095
"UniRef90_U2BYZ5","ev_complete_uniref_Caries-CAsvsHealthy-CI",0.0175609415862253
"UniRef90_U2C1G8","ev_complete_uniref_Caries-CAsvsHealthy-CI",0.0280817134176087
"UniRef90_U2KZ56","ev_complete_uniref_Caries-CAsvsHealthy-CI",0.0280817134176087
"UniRef90_U2LXT4","ev_complete_uniref_Caries-CAsvsHealthy-CI",0.00097754042408223
"UniRef90_U2Q999","ev_complete_uniref_Caries-CAsvsHealthy-CI",0.0336222466050475
"UniRef90_UPI0004E12320","ev_complete_uniref_Caries-CAsvsHealthy-CI",0.0353929560836238
"UniRef90_V2Y0N7","ev_complete_uniref_Caries-CAsvsHealthy-CI",0.0375066722749112
"UniRef90_W1Q1L8","ev_complete_uniref_Caries-CAsvsHealthy-CI",0.0355981198855427
"UniRef90_W2CIW7","ev_complete_uniref_Caries-CAsvsHealthy-CI",0.0270888447492537
"UniRef90_W2VC95","ev_complete_uniref_Caries-CAsvsHealthy-CI",0.0234832422755886
"UniRef90_X8H3M8","ev_complete_uniref_Caries-CAsvsHealthy-CI",0.0238062384427322
"UniRef90_C7NBR1","ev_complete_uniref_Caries-CAsvsHealthy-CF",0.000872543927746814
"UniRef90_E7RVW1","ev_complete_uniref_Caries-CAsvsHealthy-CF",0.00212192994501047
"UniRef90_W1Q1S0","ev_complete_uniref_Caries-CAsvsHealthy-CF",0.0133355401348405
"UniRef90_A0A0R3PIN0","ev_complete_uniref_Caries-CAsvsHealthy-CF",1.79537110714822e-06
"UniRef90_A0A250FAN4","ev_complete_uniref_Caries-CAsvsHealthy-CF",0.0387197209509255
"UniRef90_A0A2N6TM57","ev_complete_uniref_Caries-CAsvsHealthy-CF",0.00710448676429854
"UniRef90_A3CQ47","ev_complete_uniref_Caries-CAsvsHealthy-CF",0.00986583970361667
"UniRef90_C2M370","ev_complete_uniref_Caries-CAsvsHealthy-CF",0.00543158240900207
"UniRef90_C8NDE1","ev_complete_uniref_Caries-CAsvsHealthy-CF",0.0420318753738885
"UniRef90_D2ZT22","ev_complete_uniref_Caries-CAsvsHealthy-CF",0.0215298715054385
"UniRef90_E0DE64","ev_complete_uniref_Caries-CAsvsHealthy-CF",0.000763484381340721
"UniRef90_E7RTK7","ev_complete_uniref_Caries-CAsvsHealthy-CF",0.00114320233190079
"UniRef90_E7RTR9","ev_complete_uniref_Caries-CAsvsHealthy-CF",0.000134777345289465
"UniRef90_E7RXG0","ev_complete_uniref_Caries-CAsvsHealthy-CF",0.0101849654749865
"UniRef90_E7RY83","ev_complete_uniref_Caries-CAsvsHealthy-CF",0.0143730208229678
"UniRef90_E7RYK2","ev_complete_uniref_Caries-CAsvsHealthy-CF",0.00746269800175632
"UniRef90_F0IAB6","ev_complete_uniref_Caries-CAsvsHealthy-CF",0.00780622040538265
"UniRef90_F0IIV1","ev_complete_uniref_Caries-CAsvsHealthy-CF",0.00197945945496624
"UniRef90_F3UU36","ev_complete_uniref_Caries-CAsvsHealthy-CF",0.00175079191814997
"UniRef90_J6HZ39","ev_complete_uniref_Caries-CAsvsHealthy-CF",0.0380624010276447
"UniRef90_L1NU03","ev_complete_uniref_Caries-CAsvsHealthy-CF",0.0211543044233063
"UniRef90_L1NXW0","ev_complete_uniref_Caries-CAsvsHealthy-CF",0.000945846659153795
"UniRef90_L1NY42","ev_complete_uniref_Caries-CAsvsHealthy-CF",0.00168716147344524
"UniRef90_L1PBM2","ev_complete_uniref_Caries-CAsvsHealthy-CF",0.00414797464582183
"UniRef90_L1PMK0","ev_complete_uniref_Caries-CAsvsHealthy-CF",1.35258416305075e-08
"UniRef90_L1PQP4","ev_complete_uniref_Caries-CAsvsHealthy-CF",0.0175923526789282
"UniRef90_L1PSR8","ev_complete_uniref_Caries-CAsvsHealthy-CF",0.00259251063945186
"UniRef90_L1PUU1","ev_complete_uniref_Caries-CAsvsHealthy-CF",0.0014285780735117
"UniRef90_U2AXI3","ev_complete_uniref_Caries-CAsvsHealthy-CF",0.000701362056160002
"UniRef90_U2AZB2","ev_complete_uniref_Caries-CAsvsHealthy-CF",0.00369588347202376
"UniRef90_U2FF01","ev_complete_uniref_Caries-CAsvsHealthy-CF",0.00118389162146641
"UniRef90_W1Q1L8","ev_complete_uniref_Caries-CAsvsHealthy-CF",0.0205345816063719
"UniRef90_B9D2N3","ev_complete_uniref_Healthy-CIvsHealthy-CF",0.0401485876689099
"UniRef90_U7V4D6","ev_complete_uniref_Healthy-CIvsHealthy-CF",0.00880429968546374
"UniRef90_UPI00036A705E","ev_complete_uniref_Healthy-CIvsHealthy-CF",0.0499755220151813
"UniRef90_A0A0R3PIN0","ev_complete_uniref_Healthy-CIvsHealthy-CF",0.0188954214639586
"UniRef90_A0A0S2ZM78","ev_complete_uniref_Healthy-CIvsHealthy-CF",0.00502964433745249
"UniRef90_A0A133ZXA4","ev_complete_uniref_Healthy-CIvsHealthy-CF",0.0346196761552714
"UniRef90_A0A241Q1Z2","ev_complete_uniref_Healthy-CIvsHealthy-CF",0.00238894607015198
"UniRef90_A0A246EGZ2","ev_complete_uniref_Healthy-CIvsHealthy-CF",0.0383551713731846
"UniRef90_A0A2B7YY17","ev_complete_uniref_Healthy-CIvsHealthy-CF",0.00837755751660232
"UniRef90_A0A2N6TM57","ev_complete_uniref_Healthy-CIvsHealthy-CF",0.0260967258269218
"UniRef90_A0A2N8NDD8","ev_complete_uniref_Healthy-CIvsHealthy-CF",0.0144985598027972
"UniRef90_A0A318HQ74","ev_complete_uniref_Healthy-CIvsHealthy-CF",0.0275264803084431
"UniRef90_C9MUM6","ev_complete_uniref_Healthy-CIvsHealthy-CF",0.0367436166952227
"UniRef90_E7RXG0","ev_complete_uniref_Healthy-CIvsHealthy-CF",0.00994045543970889
"UniRef90_E7RYC5","ev_complete_uniref_Healthy-CIvsHealthy-CF",0.0176792412221679
"UniRef90_F9EDQ2","ev_complete_uniref_Healthy-CIvsHealthy-CF",0.0203406196110862
"UniRef90_L1NQ05","ev_complete_uniref_Healthy-CIvsHealthy-CF",0.00339760419077592
"UniRef90_U1QP00","ev_complete_uniref_Healthy-CIvsHealthy-CF",0.0432178444028116
"UniRef90_U2BYZ5","ev_complete_uniref_Healthy-CIvsHealthy-CF",0.0350015053888417
"UniRef90_U2C1G8","ev_complete_uniref_Healthy-CIvsHealthy-CF",0.0479714868570989
"UniRef90_U2KZ56","ev_complete_uniref_Healthy-CIvsHealthy-CF",0.0479714868570989
"UniRef90_U2LXT4","ev_complete_uniref_Healthy-CIvsHealthy-CF",0.0404903185586282
"UniRef90_W2VC95","ev_complete_uniref_Healthy-CIvsHealthy-CF",0.0424944635735167
"UniRef90_X8H3M8","ev_complete_uniref_Healthy-CIvsHealthy-CF",0.0428876256875672
